Trial,Games Won,Ratio
2500,1249,0.4996
5000,2481,0.4962
7500,3693,0.4924
10000,4900,0.49
12500,6067,0.48536
15000,7230,0.482
17500,8407,0.4804
20000,9619,0.48095
22500,10746,0.4776
25000,11923,0.47692
27500,13153,0.478290909091
30000,14415,0.4805
32500,15729,0.483969230769
35000,17113,0.488942857143
37500,18613,0.496346666667
40000,20173,0.504325
42500,21534,0.506682352941
45000,23078,0.512844444444
47500,24471,0.515178947368
50000,24485,0.4897
