Trial,Games Won,Ratio
1,0,0.0
2,0,0.0
3,0,0.0
4,0,0.0
5,1,0.2
6,1,0.166666666667
7,2,0.285714285714
8,3,0.375
9,4,0.444444444444
10,5,0.5
11,6,0.545454545455
12,7,0.583333333333
13,8,0.615384615385
14,9,0.642857142857
15,10,0.666666666667
16,11,0.6875
17,12,0.705882352941
18,13,0.722222222222
19,14,0.736842105263
20,15,0.75
